date	state	topics
2026-07-24	ak	working
2026-07-24	al	working
2026-07-24	ar	working
2026-07-24	az	broken,chronic
2026-07-24	ca	working
2026-07-24	co	working
2026-07-24	ct	working
2026-07-24	dc	working
2026-07-24	de	working
2026-07-24	fl	broken,chronic
2026-07-24	ga	working
2026-07-24	gu	working
2026-07-24	hi	working
2026-07-24	ia	working
2026-07-24	id	working
2026-07-24	il	working
2026-07-24	in	working
2026-07-24	ks	working
2026-07-24	ky	working
2026-07-24	la	working
2026-07-24	ma	working
2026-07-24	md	working
2026-07-24	me	working
2026-07-24	mi	working
2026-07-24	mn	working
2026-07-24	mo	working
2026-07-24	mp	working
2026-07-24	ms	working
2026-07-24	mt	regression,needs-verification
2026-07-24	nc	working
2026-07-24	nd	working
2026-07-24	ne	working
2026-07-24	nh	working
2026-07-24	nj	working
2026-07-24	nm	working
2026-07-24	nv	working
2026-07-24	ny	working
2026-07-24	oh	working
2026-07-24	ok	working
2026-07-24	or	working
2026-07-24	pa	working
2026-07-24	pr	working
2026-07-24	ri	working
2026-07-24	sc	working
2026-07-24	sd	working
2026-07-24	tn	working
2026-07-24	tx	working
2026-07-24	usa	working
2026-07-24	ut	working
2026-07-24	va	regression,workflow-disabled
2026-07-24	vi	broken,chronic
2026-07-24	vt	working
2026-07-24	wa	working
2026-07-24	wi	working
2026-07-24	wv	working
2026-07-24	wy	working
